{
  "benchmarks": [
    {
      "experiment_name": "benchmark_sybil",
      "attack_type": "sybil",
      "baseline": {
        "accuracy": 0.6666666666666666,
        "f1_score": 0.0,
        "avg_latency_ms": 0.055333333345212544,
        "throughput_msgs_sec": 18072.289152746664
      },
      "v2_framework": {
        "accuracy": 0.8333333333333334,
        "f1_score": 0.8,
        "avg_latency_ms": 1.5967583332591555,
        "throughput_msgs_sec": 626.2688468072012,
        "avg_graph_nodes": 8.083333333333334,
        "avg_graph_edges": 26.166666666666668
      },
      "differentials": {
        "accuracy_gain_pct": 16.666666666666675,
        "f1_gain_pct": 80.0,
        "latency_increase_pct": 2785.707830571728
      },
      "total_benchmark_time_sec": 0.019955799999479495
    },
    {
      "experiment_name": "benchmark_replay",
      "attack_type": "replay",
      "baseline": {
        "accuracy": 0.6666666666666666,
        "f1_score": 0.0,
        "avg_latency_ms": 0.05307499986884068,
        "throughput_msgs_sec": 18841.26241113909
      },
      "v2_framework": {
        "accuracy": 0.9166666666666666,
        "f1_score": 0.888888888888889,
        "avg_latency_ms": 2.955008333249983,
        "throughput_msgs_sec": 338.40852113610725,
        "avg_graph_nodes": 12.166666666666666,
        "avg_graph_edges": 42.166666666666664
      },
      "differentials": {
        "accuracy_gain_pct": 25.0,
        "f1_gain_pct": 88.8888888888889,
        "latency_increase_pct": 5467.608743386568
      },
      "total_benchmark_time_sec": 0.03622090000044409
    },
    {
      "experiment_name": "benchmark_collusion",
      "attack_type": "collusion",
      "baseline": {
        "accuracy": 0.6666666666666666,
        "f1_score": 0.0,
        "avg_latency_ms": 0.05597500004720738,
        "throughput_msgs_sec": 17865.118341342288
      },
      "v2_framework": {
        "accuracy": 1.0,
        "f1_score": 1.0,
        "avg_latency_ms": 5.103966666638371,
        "throughput_msgs_sec": 195.9260444501748,
        "avg_graph_nodes": 16.166666666666668,
        "avg_graph_edges": 77.66666666666667
      },
      "differentials": {
        "accuracy_gain_pct": 33.333333333333336,
        "f1_gain_pct": 100.0,
        "latency_increase_pct": 9018.296850976081
      },
      "total_benchmark_time_sec": 0.06207389999872248
    },
    {
      "experiment_name": "benchmark_fabrication",
      "attack_type": "fabrication",
      "baseline": {
        "accuracy": 0.6666666666666666,
        "f1_score": 0.0,
        "avg_latency_ms": 0.06810833322864103,
        "throughput_msgs_sec": 14682.491151897377
      },
      "v2_framework": {
        "accuracy": 0.8333333333333334,
        "f1_score": 0.75,
        "avg_latency_ms": 7.783550000188673,
        "throughput_msgs_sec": 128.47608096251196,
        "avg_graph_nodes": 19.666666666666668,
        "avg_graph_edges": 97.83333333333333
      },
      "differentials": {
        "accuracy_gain_pct": 16.666666666666675,
        "f1_gain_pct": 75.0,
        "latency_increase_pct": 11328.190400812102
      },
      "total_benchmark_time_sec": 0.09442490000037651
    }
  ]
}